Depth_m,CPT1_qc_MPa,CPT2_qc_MPa,CPT3_qc_MPa,CPT4_qc_MPa,CPT5_qc_MPa,CPT6_qc_MPa,CPT7_qc_MPa,CPT1_fs_MPa,CPT2_fs_MPa,CPT3_fs_MPa,CPT4_fs_MPa,CPT5_fs_MPa,CPT6_fs_MPa,CPT7_fs_MPa,ave_qc_MPa,ave_fs_MPa
0.000000E+00,0.000000E+00,3.600000E-03,6.300000E-03,0.000000E+00,4.000000E-04,4.000000E-04,2.600000E-03,0.000000E+00,0.000000E+00,0.000000E+00,0.000000E+00,0.000000E+00,0.000000E+00,0.000000E+00,1.900000E-03,0.000000E+00
1.000000E-02,0.000000E+00,4.000000E-04,6.300000E-03,4.000000E-03,4.400000E-03,8.400000E-03,2.600000E-03,0.000000E+00,0.000000E+00,0.000000E+00,0.000000E+00,0.000000E+00,0.000000E+00,0.000000E+00,3.728571E-03,0.000000E+00
2.000000E-02,2.000000E-03,8.400000E-03,2.220000E-02,8.000000E-03,8.400000E-03,2.820000E-02,3.500000E-03,0.000000E+00,1.000000E-04,0.000000E+00,1.000000E-04,0.000000E+00,1.000000E-04,1.000000E-04,1.152857E-02,5.714286E-05
3.000000E-02,4.000000E-03,2.030000E-02,4.210000E-02,2.780000E-02,2.430000E-02,6.800000E-02,4.400000E-03,1.000000E-04,1.000000E-04,-5.421011E-20,2.000000E-04,1.000000E-04,2.000000E-04,2.000000E-04,2.727143E-02,1.285714E-04
4.000000E-02,1.990000E-02,5.610000E-02,8.580000E-02,5.170000E-02,7.600000E-02,9.590000E-02,1.330000E-02,2.000000E-04,3.000000E-04,1.000000E-04,3.000000E-04,2.000000E-04,3.000000E-04,3.000000E-04,5.695714E-02,2.428571E-04
5.000000E-02,3.980000E-02,8.390000E-02,1.137000E-01,1.074000E-01,1.118000E-01,1.555000E-01,7.300000E-02,3.000000E-04,3.000000E-04,1.000000E-04,7.000000E-04,4.000000E-04,6.000000E-04,6.000000E-04,9.787143E-02,4.285714E-04
6.000000E-02,7.160000E-02,1.436000E-01,1.813000E-01,1.432000E-01,1.555000E-01,1.874000E-01,1.327000E-01,6.000000E-04,3.000000E-04,1.000000E-04,1.300000E-03,7.000000E-04,1.200000E-03,1.300000E-03,1.450429E-01,7.857143E-04
7.000000E-02,1.392000E-01,1.874000E-01,2.171000E-01,2.068000E-01,1.993000E-01,2.232000E-01,1.963000E-01,1.300000E-03,3.000000E-04,1.000000E-04,2.700000E-03,1.500000E-03,2.500000E-03,2.600000E-03,1.956143E-01,1.571429E-03
8.000000E-02,1.671000E-01,2.192000E-01,2.449000E-01,2.466000E-01,2.868000E-01,2.828000E-01,2.281000E-01,1.800000E-03,3.000000E-04,1.000000E-04,2.600000E-03,1.600000E-03,3.100000E-03,2.800000E-03,2.393571E-01,1.757143E-03
9.000000E-02,1.909000E-01,3.027000E-01,3.046000E-01,3.063000E-01,3.385000E-01,3.226000E-01,2.878000E-01,2.000000E-03,3.000000E-04,2.000000E-04,2.800000E-03,2.300000E-03,3.400000E-03,2.900000E-03,2.933429E-01,1.985714E-03
1.000000E-01,2.228000E-01,3.544000E-01,3.643000E-01,3.461001E-01,3.942000E-01,4.181001E-01,3.315000E-01,1.900000E-03,4.000000E-04,3.000000E-04,3.700000E-03,2.700000E-03,3.600001E-03,3.100000E-03,3.473429E-01,2.242857E-03
1.100000E-01,2.586000E-01,4.022000E-01,4.359000E-01,3.978000E-01,4.419000E-01,4.817000E-01,3.832000E-01,2.500000E-03,1.200000E-03,5.000000E-04,3.800000E-03,3.000000E-03,4.200000E-03,3.800000E-03,4.001857E-01,2.714286E-03
1.200000E-01,3.421000E-01,4.499000E-01,4.995000E-01,4.495000E-01,5.652000E-01,5.732000E-01,4.787000E-01,2.600000E-03,3.000000E-03,5.000000E-04,3.900000E-03,3.000000E-03,4.400000E-03,4.000000E-03,4.797286E-01,3.057143E-03
1.300000E-01,3.819000E-01,5.573000E-01,5.910000E-01,5.529000E-01,6.209000E-01,6.289000E-01,5.225000E-01,2.700000E-03,3.000000E-03,7.000000E-04,4.800000E-03,3.000000E-03,4.700000E-03,4.200000E-03,5.507714E-01,3.300000E-03
1.400000E-01,4.256000E-01,6.050000E-01,7.382000E-01,6.126000E-01,6.806000E-01,6.925000E-01,5.742000E-01,2.800000E-03,3.100000E-03,9.000000E-04,4.900000E-03,3.100000E-03,4.800000E-03,4.500000E-03,6.183857E-01,3.442857E-03
1.500000E-01,4.654000E-01,6.726000E-01,7.978000E-01,6.802000E-01,7.522000E-01,8.437000E-01,6.259000E-01,3.000000E-03,3.100000E-03,1.500000E-03,5.000000E-03,3.200000E-03,4.900000E-03,4.900000E-03,6.911143E-01,3.657143E-03
1.600000E-01,5.211000E-01,7.323000E-01,9.092000E-01,7.438000E-01,8.397000E-01,9.511000E-01,7.373000E-01,3.200000E-03,3.100000E-03,2.100000E-03,5.200000E-03,3.500000E-03,5.600000E-03,4.800000E-03,7.763571E-01,3.928571E-03
1.700000E-01,5.927000E-01,9.033000E-01,1.139900E+00,8.154000E-01,1.074400E+00,1.042600E+00,7.930000E-01,3.300000E-03,3.100000E-03,2.100000E-03,5.300000E-03,4.200000E-03,6.000000E-03,6.000000E-03,9.087571E-01,4.285714E-03
1.800000E-01,7.041000E-01,1.010700E+00,1.243300E+00,9.825000E-01,1.321000E+00,1.249400E+00,8.606000E-01,3.400000E-03,2.900000E-03,2.100000E-03,5.700000E-03,5.200000E-03,7.700000E-03,6.400000E-03,1.053086E+00,4.771429E-03
1.900000E-01,8.473000E-01,1.146000E+00,1.342800E+00,1.078000E+00,1.416500E+00,1.340900E+00,1.047500E+00,3.300000E-03,2.600000E-03,2.900000E-03,6.100000E-03,4.300000E-03,7.500000E-03,6.300000E-03,1.174143E+00,4.714286E-03
2.000000E-01,9.825000E-01,1.277200E+00,1.541700E+00,1.197300E+00,1.595500E+00,1.444300E+00,1.178800E+00,3.300000E-03,1.900000E-03,3.600000E-03,6.200000E-03,5.200000E-03,8.500000E-03,7.400000E-03,1.316757E+00,5.157143E-03
2.100000E-01,1.125700E+00,1.432400E+00,1.617200E+00,1.348400E+00,1.694900E+00,1.515900E+00,1.306100E+00,3.300000E-03,1.700000E-03,4.000000E-03,6.400000E-03,6.400000E-03,8.700000E-03,8.100000E-03,1.434371E+00,5.514286E-03
2.200000E-01,1.260900E+00,1.563600E+00,1.712700E+00,1.463800E+00,1.774500E+00,1.706800E+00,1.433400E+00,3.100000E-03,1.800000E-03,4.000000E-03,6.400000E-03,6.800000E-03,8.900000E-03,8.200000E-03,1.559386E+00,5.600000E-03
2.300000E-01,1.380300E+00,1.702900E+00,1.895700E+00,1.726300E+00,1.949500E+00,1.782400E+00,1.676000E+00,2.600000E-03,1.800000E-03,4.100000E-03,8.100000E-03,6.800000E-03,9.100000E-03,8.300000E-03,1.730443E+00,5.828571E-03
2.400000E-01,1.491600E+00,1.949500E+00,1.983200E+00,1.865599E+00,2.040999E+00,1.857999E+00,1.771500E+00,2.600000E-03,1.900000E-03,4.100000E-03,7.700004E-03,6.800000E-03,9.199999E-03,8.400000E-03,1.851485E+00,5.814286E-03
2.500000E-01,1.618900E+00,2.076800E+00,2.074700E+00,2.132097E+00,2.100599E+00,1.933599E+00,1.859000E+00,2.500000E-03,2.200000E-03,4.200000E-03,8.599991E-03,6.899999E-03,1.119998E-02,8.400000E-03,1.970814E+00,6.285710E-03
2.600000E-01,1.881500E+00,2.223900E+00,2.233800E+00,2.263299E+00,2.176199E+00,2.104598E+00,1.962400E+00,2.700000E-03,4.800000E-03,4.600000E-03,8.400002E-03,6.900000E-03,1.150000E-02,8.400000E-03,2.120814E+00,6.757143E-03
2.700000E-01,1.996800E+00,2.287600E+00,2.313300E+00,2.334900E+00,2.251800E+00,2.164300E+00,2.137400E+00,2.900000E-03,6.500000E-03,6.800000E-03,9.600000E-03,6.900000E-03,1.190000E-02,8.400000E-03,2.212300E+00,7.571429E-03
2.800000E-01,2.120100E+00,2.379100E+00,2.404800E+00,2.462200E+00,2.319400E+00,2.267700E+00,2.205100E+00,3.600000E-03,6.500000E-03,7.900000E-03,9.800000E-03,6.900000E-03,1.200000E-02,8.400000E-03,2.308343E+00,7.871429E-03
2.900000E-01,2.255400E+00,2.566000E+00,2.484400E+00,2.462200E+00,2.474500E+00,2.406900E+00,2.292600E+00,4.200000E-03,6.800000E-03,9.800000E-03,1.030000E-02,7.000000E-03,1.290000E-02,8.400000E-03,2.420286E+00,8.485714E-03
3.000000E-01,2.370700E+00,2.673400E+00,2.635500E+00,2.545700E+00,2.566000E+00,2.478500E+00,2.372100E+00,4.700000E-03,7.200000E-03,8.800000E-03,1.080000E-02,7.400000E-03,1.370000E-02,1.290000E-02,2.520271E+00,9.357143E-03
3.100000E-01,2.486100E+00,2.757000E+00,2.727000E+00,2.645200E+00,2.653500E+00,2.574000E+00,2.543200E+00,5.100000E-03,7.900000E-03,9.900000E-03,1.140000E-02,8.300000E-03,1.320000E-02,1.400000E-02,2.626571E+00,9.971429E-03
3.200000E-01,2.609400E+00,2.872300E+00,2.818500E+00,2.760500E+00,2.792800E+00,2.641600E+00,2.626700E+00,5.500000E-03,8.000000E-03,8.800000E-03,1.180000E-02,7.700000E-03,1.440000E-02,1.400000E-02,2.731686E+00,1.002857E-02
3.300000E-01,2.852000E+00,3.003600E+00,3.041300E+00,2.927600E+00,3.075200E+00,2.836500E+00,2.714200E+00,5.200000E-03,8.000000E-03,9.900000E-03,1.210000E-02,9.700000E-03,1.470000E-02,1.510000E-02,2.921486E+00,1.067143E-02
3.400000E-01,2.987300E+00,3.115000E+00,3.152600E+00,2.995200E+00,3.242200E+00,2.936000E+00,2.813600E+00,7.500000E-03,8.600000E-03,9.500000E-03,1.210000E-02,8.400000E-03,1.550000E-02,1.510000E-02,3.034557E+00,1.095714E-02
3.500000E-01,3.146400E+00,3.278000E+00,3.272000E+00,3.074800E+00,3.437200E+00,3.083100E+00,3.020500E+00,8.100000E-03,9.200000E-03,1.010000E-02,1.220000E-02,1.020000E-02,1.620000E-02,1.520000E-02,3.187429E+00,1.160000E-02
3.600000E-01,3.289600E+00,3.476900E+00,3.594200E+00,3.249800E+00,3.830900E+00,3.409300E+00,3.398400E+00,8.700000E-03,9.400000E-03,1.180000E-02,1.290000E-02,1.290000E-02,1.560000E-02,1.540000E-02,3.464157E+00,1.238571E-02
3.700000E-01,3.508400E+00,3.978100E+00,3.805000E+00,3.325403E+00,4.002002E+00,3.572402E+00,3.545500E+00,8.300000E-03,9.600000E-03,1.090000E-02,1.370000E-02,1.290002E-02,1.670001E-02,1.610000E-02,3.676687E+00,1.260000E-02
3.800000E-01,3.937900E+00,4.192900E+00,4.003900E+00,3.591902E+00,4.169103E+00,3.751403E+00,3.680800E+00,1.030000E-02,1.040000E-02,1.190000E-02,1.380000E-02,1.480001E-02,1.720000E-02,1.680000E-02,3.903987E+00,1.360000E-02
3.900000E-01,4.160700E+00,4.411700E+00,4.397700E+00,3.759004E+00,4.439501E+00,4.073602E+00,3.895600E+00,1.040000E-02,1.230000E-02,1.290000E-02,1.390001E-02,1.580001E-02,1.760000E-02,1.690000E-02,4.162544E+00,1.425715E-02
4.000000E-01,4.387400E+00,4.785600E+00,4.556800E+00,4.156702E+00,4.535001E+00,4.236704E+00,4.106400E+00,1.050000E-02,1.090000E-02,1.410000E-02,1.450001E-02,1.650000E-02,1.800002E-02,1.710000E-02,4.394944E+00,1.451429E-02
4.100000E-01,4.769300E+00,4.984500E+00,4.930700E+00,4.335703E+00,4.682201E+00,4.586701E+00,4.516100E+00,1.060000E-02,1.240000E-02,1.460000E-02,1.500003E-02,1.640002E-02,1.950001E-02,1.750000E-02,4.686458E+00,1.514287E-02
4.200000E-01,4.912500E+00,5.103800E+00,5.081800E+00,4.681803E+00,4.745801E+00,4.725903E+00,4.671200E+00,1.070000E-02,1.500000E-02,1.500000E-02,1.800000E-02,1.790000E-02,2.080000E-02,1.870000E-02,4.846115E+00,1.658572E-02
4.300000E-01,5.107400E+00,5.350400E+00,5.368200E+00,5.000001E+00,4.849200E+00,5.008401E+00,4.854200E+00,1.190000E-02,1.770000E-02,1.500000E-02,1.800000E-02,1.820000E-02,2.120000E-02,1.990000E-02,5.076829E+00,1.741429E-02
4.400000E-01,5.417700E+00,5.410100E+00,5.475600E+00,5.127303E+00,4.877101E+00,5.115802E+00,5.001400E+00,1.210000E-02,1.790000E-02,1.550000E-02,1.810000E-02,1.830000E-02,2.090001E-02,2.030000E-02,5.203572E+00,1.758572E-02
4.500000E-01,5.529000E+00,5.601000E+00,5.670500E+00,5.381902E+00,4.976501E+00,5.334501E+00,5.256000E+00,1.210000E-02,1.820000E-02,1.610000E-02,1.850001E-02,1.840000E-02,2.200002E-02,2.080000E-02,5.392772E+00,1.801429E-02
4.600000E-01,5.747800E+00,5.760100E+00,5.913200E+00,5.556902E+00,5.032201E+00,5.437901E+00,5.343500E+00,1.210000E-02,1.790000E-02,1.840000E-02,1.920002E-02,1.840000E-02,2.429998E-02,2.150000E-02,5.541658E+00,1.882857E-02
4.700000E-01,5.982500E+00,5.807900E+00,5.984800E+00,5.708001E+00,5.123702E+00,5.553301E+00,5.411100E+00,1.220000E-02,1.940000E-02,1.940000E-02,2.090000E-02,1.860000E-02,2.270005E-02,2.220000E-02,5.653043E+00,1.934286E-02
4.800000E-01,5.978500E+00,5.899400E+00,6.143900E+00,5.771702E+00,5.199301E+00,5.620904E+00,5.506600E+00,1.230000E-02,2.090000E-02,2.040000E-02,2.080003E-02,1.870004E-02,2.510001E-02,2.290000E-02,5.731472E+00,2.015715E-02
4.900000E-01,6.245000E+00,5.998800E+00,6.291100E+00,5.875101E+00,5.270903E+00,5.803902E+00,5.602000E+00,1.250000E-02,2.370000E-02,2.340000E-02,2.220003E-02,2.060001E-02,2.550006E-02,2.390000E-02,5.869544E+00,2.168573E-02
5.000000E-01,6.320600E+00,6.026700E+00,6.307000E+00,5.926802E+00,5.406101E+00,5.883502E+00,5.657700E+00,1.480000E-02,2.300000E-02,2.470000E-02,2.360001E-02,2.100000E-02,2.830002E-02,2.380000E-02,5.932629E+00,2.274286E-02
5.100000E-01,6.400200E+00,6.142000E+00,6.438200E+00,6.002401E+00,5.469801E+00,5.978902E+00,5.749200E+00,1.530000E-02,2.440000E-02,2.650000E-02,2.390004E-02,2.110000E-02,2.950000E-02,2.620000E-02,6.025815E+00,2.384286E-02
5.200000E-01,6.503600E+00,6.161900E+00,6.474000E+00,6.050102E+00,5.529404E+00,6.094301E+00,5.796900E+00,1.620000E-02,2.540000E-02,2.680000E-02,2.610000E-02,2.110000E-02,2.930001E-02,2.660000E-02,6.087172E+00,2.450000E-02
5.300000E-01,6.563200E+00,6.237500E+00,6.545600E+00,6.157502E+00,5.720401E+00,6.153901E+00,5.808900E+00,1.650000E-02,2.540000E-02,2.700000E-02,2.620000E-02,2.110000E-02,2.960002E-02,2.690000E-02,6.169572E+00,2.467143E-02
5.400000E-01,6.702500E+00,6.368700E+00,6.692800E+00,6.260901E+00,5.788005E+00,6.213602E+00,5.900400E+00,1.660000E-02,2.540000E-02,2.700000E-02,2.620000E-02,2.110000E-02,3.040002E-02,2.730000E-02,6.275273E+00,2.485715E-02
5.500000E-01,6.794000E+00,6.404500E+00,6.792300E+00,6.312603E+00,6.046503E+00,6.325002E+00,5.940100E+00,1.670000E-02,2.590000E-02,2.700000E-02,2.620000E-02,2.110000E-02,3.120000E-02,2.770000E-02,6.373572E+00,2.511429E-02
5.600000E-01,7.004800E+00,6.428400E+00,6.939400E+00,6.447903E+00,6.185808E+00,6.416502E+00,6.015700E+00,1.670000E-02,2.640000E-02,2.700000E-02,2.620000E-02,2.110000E-02,3.110005E-02,2.880000E-02,6.491216E+00,2.532858E-02
5.700000E-01,7.132100E+00,6.786400E+00,7.086600E+00,6.587104E+00,6.595504E+00,6.500006E+00,6.071400E+00,1.670000E-02,2.660000E-02,2.700000E-02,2.630000E-02,2.120002E-02,3.340001E-02,2.930000E-02,6.679873E+00,2.578572E-02
5.800000E-01,7.303100E+00,6.937600E+00,7.301400E+00,6.766103E+00,6.782416E+00,6.782405E+00,6.202700E+00,1.680000E-02,2.670000E-02,2.700000E-02,2.640000E-02,2.220003E-02,3.410001E-02,2.960000E-02,6.867960E+00,2.611429E-02
5.900000E-01,7.804300E+00,7.152300E+00,7.607700E+00,6.861610E+00,7.303516E+00,6.937612E+00,6.393600E+00,1.710000E-02,2.680000E-02,2.700000E-02,2.650000E-02,2.329999E-02,3.450001E-02,3.000000E-02,7.151520E+00,2.645714E-02
6.000000E-01,8.054900E+00,7.653500E+00,7.989600E+00,7.187707E+00,7.820612E+00,7.335307E+00,6.493000E+00,1.940000E-02,2.700000E-02,2.700000E-02,2.660000E-02,2.280010E-02,3.480000E-02,3.010000E-02,7.504947E+00,2.681430E-02
6.100000E-01,8.587900E+00,7.983700E+00,8.387300E+00,7.422414E+00,8.226306E+00,7.578017E+00,6.747600E+00,1.720000E-02,2.710000E-02,2.760000E-02,2.670002E-02,2.610007E-02,3.480001E-02,3.010000E-02,7.847605E+00,2.708573E-02
6.200000E-01,8.922000E+00,8.651900E+00,8.856700E+00,7.903708E+00,8.441110E+00,8.130910E+00,7.137400E+00,2.060000E-02,2.720000E-02,2.920000E-02,2.750002E-02,2.840007E-02,3.520002E-02,3.010000E-02,8.291961E+00,2.831430E-02
6.300000E-01,9.518700E+00,9.021900E+00,9.238600E+00,8.182212E+00,8.767303E+00,8.453114E+00,7.531200E+00,2.070000E-02,2.940000E-02,2.970000E-02,2.820002E-02,3.070012E-02,3.570004E-02,3.020000E-02,8.673290E+00,2.922860E-02
6.400000E-01,9.749400E+00,9.324200E+00,9.576700E+00,8.587908E+00,8.850801E+00,8.906510E+00,7.960800E+00,2.070000E-02,2.970000E-02,3.020000E-02,2.870007E-02,3.470002E-02,3.690003E-02,3.020000E-02,8.993760E+00,3.015716E-02
6.500000E-01,1.017800E+01,9.610600E+00,9.890900E+00,8.838506E+00,8.898603E+00,9.228710E+00,8.545500E+00,2.250000E-02,3.010000E-02,3.040000E-02,3.100007E-02,3.540005E-02,3.790003E-02,3.030000E-02,9.312974E+00,3.108574E-02
6.600000E-01,1.031200E+01,9.861200E+00,1.009700E+01,9.037407E+00,9.009901E+00,9.562805E+00,8.899600E+00,2.300000E-02,3.060000E-02,3.050000E-02,3.340009E-02,3.720000E-02,3.890002E-02,3.110000E-02,9.539988E+00,3.210002E-02
6.700000E-01,1.038000E+01,1.016600E+01,1.034200E+01,9.280001E+00,9.053701E+00,9.741804E+00,9.158100E+00,2.360000E-02,3.060000E-02,3.090000E-02,3.640000E-02,3.710008E-02,3.960001E-02,3.390000E-02,9.731658E+00,3.315716E-02
6.800000E-01,1.050200E+01,1.027300E+01,1.039800E+01,9.323805E+00,9.097501E+00,9.889004E+00,9.623500E+00,2.310000E-02,3.070000E-02,3.860000E-02,3.650010E-02,3.980000E-02,3.990001E-02,3.800000E-02,9.872401E+00,3.522859E-02
6.900000E-01,1.051800E+01,1.033700E+01,1.048100E+01,9.451103E+00,9.129302E+00,9.976505E+00,9.842300E+00,2.390000E-02,3.080000E-02,4.100000E-02,3.900010E-02,3.990000E-02,4.010000E-02,3.940000E-02,9.962173E+00,3.630001E-02
7.000000E-01,1.062100E+01,1.045100E+01,1.051600E+01,9.534602E+00,9.169099E+00,1.010320E+01,1.008400E+01,2.470000E-02,3.080000E-02,4.240000E-02,4.150002E-02,3.990000E-02,4.020000E-02,4.090000E-02,1.006841E+01,3.720000E-02
7.100000E-01,1.066000E+01,1.047500E+01,1.059500E+01,9.574402E+00,9.149205E+00,1.018230E+01,1.023900E+01,2.590000E-02,3.110000E-02,4.300000E-02,4.200002E-02,3.990000E-02,4.020000E-02,4.330000E-02,1.012499E+01,3.791429E-02
7.200000E-01,1.066400E+01,1.062500E+01,1.063500E+01,9.618106E+00,9.262505E+00,1.022580E+01,1.027800E+01,2.710000E-02,3.280000E-02,4.330000E-02,4.260002E-02,3.990000E-02,4.020003E-02,4.480000E-02,1.018692E+01,3.867144E-02
7.300000E-01,1.076300E+01,1.077500E+01,1.078500E+01,9.761303E+00,9.375911E+00,1.031280E+01,1.046000E+01,2.710000E-02,3.400000E-02,4.340000E-02,4.320002E-02,3.979997E-02,4.090006E-02,4.620000E-02,1.031900E+01,3.922858E-02
7.400000E-01,1.081900E+01,1.091000E+01,1.086400E+01,9.844905E+00,9.654311E+00,1.041160E+01,1.061800E+01,2.710000E-02,3.520000E-02,4.340000E-02,4.370002E-02,3.900000E-02,4.250013E-02,4.650000E-02,1.044597E+01,3.962859E-02
7.500000E-01,1.099200E+01,1.110800E+01,1.098300E+01,9.972213E+00,9.920814E+00,1.051441E+01,1.070900E+01,2.770000E-02,3.530000E-02,4.340000E-02,4.420002E-02,3.890000E-02,4.580002E-02,4.640000E-02,1.059992E+01,4.024286E-02
7.600000E-01,1.138000E+01,1.130100E+01,1.115300E+01,1.030051E+01,1.026932E+01,1.073591E+01,1.099800E+01,3.160000E-02,3.550000E-02,4.360000E-02,4.470002E-02,3.890000E-02,4.630002E-02,4.660000E-02,1.087682E+01,4.102858E-02
7.700000E-01,1.164500E+01,1.163700E+01,1.137000E+01,1.047052E+01,1.065682E+01,1.096521E+01,1.119200E+01,3.070000E-02,3.770000E-02,4.370000E-02,4.520000E-02,3.890000E-02,4.680001E-02,4.680000E-02,1.113379E+01,4.140000E-02
7.800000E-01,1.193000E+01,1.230600E+01,1.163900E+01,1.103200E+01,1.103642E+01,1.125783E+01,1.142500E+01,3.230000E-02,4.420000E-02,4.380000E-02,4.530000E-02,3.900001E-02,4.710003E-02,4.730000E-02,1.151803E+01,4.271429E-02
7.900000E-01,1.225800E+01,1.256700E+01,1.200300E+01,1.098462E+01,1.143582E+01,1.188651E+01,1.199400E+01,3.380000E-02,4.230000E-02,4.400000E-02,4.530006E-02,3.920002E-02,4.790004E-02,4.780000E-02,1.187557E+01,4.290002E-02
8.000000E-01,1.257000E+01,1.285500E+01,1.265600E+01,1.144333E+01,1.187862E+01,1.218311E+01,1.222800E+01,3.570000E-02,4.490000E-02,4.420000E-02,4.640006E-02,3.960004E-02,4.860004E-02,4.830000E-02,1.225915E+01,4.395716E-02
8.100000E-01,1.286300E+01,1.312400E+01,1.292800E+01,1.196521E+01,1.218702E+01,1.243611E+01,1.264700E+01,3.670000E-02,4.590000E-02,4.650000E-02,4.760001E-02,4.030020E-02,4.939997E-02,4.880000E-02,1.259291E+01,4.502860E-02
8.200000E-01,1.334900E+01,1.336100E+01,1.322500E+01,1.226180E+01,1.262991E+01,1.266551E+01,1.285600E+01,3.890000E-02,4.910000E-02,4.650000E-02,4.780024E-02,4.420002E-02,4.880004E-02,5.150000E-02,1.290689E+01,4.668576E-02
8.300000E-01,1.348000E+01,1.379600E+01,1.340300E+01,1.236061E+01,1.276430E+01,1.286711E+01,1.298700E+01,3.970000E-02,4.780000E-02,4.860000E-02,5.249994E-02,4.450011E-02,4.960018E-02,5.390000E-02,1.309400E+01,4.808575E-02
8.400000E-01,1.356300E+01,1.397000E+01,1.356500E+01,1.260180E+01,1.286320E+01,1.302531E+01,1.320000E+01,4.060000E-02,4.940000E-02,4.790000E-02,5.120007E-02,4.660020E-02,5.309999E-02,5.610000E-02,1.325547E+01,4.927146E-02
8.500000E-01,1.362200E+01,1.409300E+01,1.380200E+01,1.266510E+01,1.288300E+01,1.320720E+01,1.326800E+01,4.020000E-02,5.020000E-02,4.900000E-02,5.260002E-02,5.050007E-02,5.280023E-02,5.770000E-02,1.336290E+01,5.042862E-02
8.600000E-01,1.358200E+01,1.420800E+01,1.386900E+01,1.273230E+01,1.287500E+01,1.330600E+01,1.325600E+01,4.110000E-02,5.130000E-02,5.020000E-02,5.300001E-02,5.190007E-02,5.729990E-02,5.900000E-02,1.340404E+01,5.197143E-02
8.700000E-01,1.355100E+01,1.417200E+01,1.394500E+01,1.279950E+01,1.287500E+01,1.329810E+01,1.329500E+01,4.350000E-02,5.420000E-02,5.010000E-02,5.320001E-02,5.330000E-02,5.520018E-02,5.900000E-02,1.341937E+01,5.264288E-02
8.800000E-01,1.352300E+01,1.420400E+01,1.392500E+01,1.286670E+01,1.282170E+01,1.331790E+01,1.327500E+01,4.590000E-02,5.570000E-02,5.090000E-02,5.329998E-02,5.330000E-02,5.880006E-02,5.970000E-02,1.341904E+01,5.394286E-02
8.900000E-01,1.344800E+01,1.418400E+01,1.390900E+01,1.285090E+01,1.279510E+01,1.333370E+01,1.293100E+01,4.540000E-02,5.720000E-02,5.170000E-02,5.299998E-02,5.329999E-02,5.990006E-02,6.010000E-02,1.335024E+01,5.437143E-02
9.000000E-01,1.334900E+01,1.414400E+01,1.392100E+01,1.281140E+01,1.279520E+01,1.330600E+01,1.281300E+01,4.700000E-02,5.770000E-02,5.330000E-02,5.269996E-02,5.319999E-02,6.090000E-02,6.020000E-02,1.330566E+01,5.499999E-02
9.100000E-01,1.329000E+01,1.412100E+01,1.385800E+01,1.280350E+01,1.279530E+01,1.324670E+01,1.275400E+01,4.840000E-02,5.790000E-02,5.500000E-02,5.209992E-02,5.309997E-02,6.090001E-02,6.030000E-02,1.326693E+01,5.538570E-02
9.200000E-01,1.316700E+01,1.411500E+01,1.383400E+01,1.272840E+01,1.280130E+01,1.323920E+01,1.272600E+01,4.910000E-02,5.800000E-02,5.580000E-02,5.079998E-02,5.260000E-02,6.100008E-02,6.030000E-02,1.323013E+01,5.537144E-02
9.300000E-01,1.300100E+01,1.411880E+01,1.383360E+01,1.272830E+01,1.281571E+01,1.323570E+01,1.272000E+01,4.910000E-02,5.800000E-02,5.620000E-02,5.049998E-02,5.260000E-02,6.240009E-02,6.020000E-02,1.320759E+01,5.557144E-02
9.400000E-01,1.294800E+01,1.412260E+01,1.383570E+01,1.272840E+01,1.295811E+01,1.323480E+01,1.271710E+01,4.910000E-02,5.800000E-02,5.660000E-02,5.009999E-02,5.260000E-02,6.390004E-02,6.020000E-02,1.322067E+01,5.578572E-02
9.500000E-01,1.294320E+01,1.413320E+01,1.383790E+01,1.272860E+01,1.308073E+01,1.323780E+01,1.271570E+01,4.910000E-02,5.800000E-02,5.660000E-02,5.000000E-02,5.260000E-02,6.450001E-02,6.020000E-02,1.323959E+01,5.585714E-02
9.600000E-01,1.294200E+01,1.415600E+01,1.385000E+01,1.273880E+01,1.361452E+01,1.324080E+01,1.271630E+01,4.900000E-02,5.800000E-02,5.660000E-02,5.000000E-02,5.260000E-02,6.460000E-02,5.940000E-02,1.332263E+01,5.574286E-02
9.700000E-01,1.294480E+01,1.422300E+01,1.390500E+01,1.276000E+01,1.391102E+01,1.325461E+01,1.271700E+01,4.850000E-02,5.800000E-02,5.660000E-02,5.000000E-02,5.260000E-02,6.460000E-02,5.850000E-02,1.338792E+01,5.554286E-02
9.800000E-01,1.294760E+01,1.440100E+01,1.396800E+01,1.279951E+01,1.419572E+01,1.336141E+01,1.275000E+01,4.860000E-02,5.810000E-02,5.700000E-02,5.000002E-02,5.260000E-02,6.459999E-02,5.820000E-02,1.348903E+01,5.558572E-02
9.900000E-01,1.296200E+01,1.477700E+01,1.422500E+01,1.295772E+01,1.449624E+01,1.346031E+01,1.289200E+01,4.780000E-02,5.940000E-02,5.730000E-02,5.040010E-02,5.260001E-02,6.450000E-02,5.760000E-02,1.368147E+01,5.565716E-02
1.000000E+00,1.306800E+01,1.494300E+01,1.441500E+01,1.333732E+01,1.514472E+01,1.369362E+01,1.320400E+01,4.770000E-02,6.030000E-02,5.850000E-02,5.199996E-02,5.270003E-02,6.450000E-02,5.760000E-02,1.397224E+01,5.618571E-02
1.010000E+00,1.330600E+01,1.518400E+01,1.514300E+01,1.359043E+01,1.542153E+01,1.392297E+01,1.363500E+01,4.770000E-02,6.120000E-02,6.120000E-02,5.150015E-02,5.310037E-02,6.450000E-02,5.770000E-02,1.431470E+01,5.670007E-02
1.020000E+00,1.333300E+01,1.546500E+01,1.539200E+01,1.393444E+01,1.574971E+01,1.459905E+01,1.390400E+01,4.800000E-02,6.710000E-02,6.090000E-02,5.300012E-02,5.679992E-02,6.450000E-02,5.770000E-02,1.462531E+01,5.828572E-02
1.030000E+00,1.381600E+01,1.559500E+01,1.567600E+01,1.430214E+01,1.589201E+01,1.510914E+01,1.451700E+01,4.830000E-02,6.730000E-02,6.140000E-02,5.419990E-02,5.600033E-02,6.450002E-02,5.790000E-02,1.498676E+01,5.851432E-02
1.040000E+00,1.470100E+01,1.587600E+01,1.588200E+01,1.472918E+01,1.599091E+01,1.555604E+01,1.484100E+01,4.980000E-02,6.750000E-02,6.190000E-02,5.320034E-02,5.930008E-02,6.470018E-02,6.050000E-02,1.536802E+01,5.955723E-02
1.050000E+00,1.500600E+01,1.590800E+01,1.608000E+01,1.549624E+01,1.604630E+01,1.595144E+01,1.520500E+01,5.260000E-02,6.750000E-02,6.570000E-02,5.660036E-02,6.010010E-02,6.649992E-02,6.250000E-02,1.567043E+01,6.164291E-02
1.060000E+00,1.528700E+01,1.594300E+01,1.621800E+01,1.585613E+01,1.609370E+01,1.632303E+01,1.577000E+01,5.370000E-02,6.740000E-02,6.720000E-02,6.020026E-02,6.110003E-02,6.570037E-02,6.440000E-02,1.592726E+01,6.281438E-02
1.070000E+00,1.554400E+01,1.594300E+01,1.632500E+01,1.615262E+01,1.608180E+01,1.658802E+01,1.602000E+01,5.540000E-02,6.740000E-02,6.880000E-02,6.279997E-02,6.140003E-02,6.940027E-02,6.450000E-02,1.609349E+01,6.424290E-02
1.080000E+00,1.569400E+01,1.590000E+01,1.649900E+01,1.638591E+01,1.605830E+01,1.675802E+01,1.618200E+01,5.750000E-02,6.730000E-02,7.010000E-02,6.250030E-02,6.170001E-02,7.210039E-02,7.040000E-02,1.621103E+01,6.594296E-02
1.090000E+00,1.584000E+01,1.567800E+01,1.601800E+01,1.652831E+01,1.604660E+01,1.692011E+01,1.646200E+01,5.940000E-02,6.700000E-02,6.990000E-02,6.550020E-02,6.180001E-02,7.600022E-02,7.050000E-02,1.621329E+01,6.715720E-02
1.100000E+00,1.610100E+01,1.567440E+01,1.601480E+01,1.662712E+01,1.604150E+01,1.700320E+01,1.655700E+01,5.950000E-02,6.550000E-02,7.040000E-02,6.750022E-02,6.190023E-02,7.820003E-02,7.060000E-02,1.628843E+01,6.765721E-02
1.110000E+00,1.620400E+01,1.567420E+01,1.601480E+01,1.681690E+01,1.604060E+01,1.700709E+01,1.661700E+01,6.080000E-02,6.420000E-02,7.090000E-02,6.970008E-02,6.420011E-02,7.850003E-02,7.150000E-02,1.633923E+01,6.854289E-02
1.120000E+00,1.629100E+01,1.569160E+01,1.601490E+01,1.683270E+01,1.604740E+01,1.694780E+01,1.676700E+01,6.120000E-02,6.380000E-02,7.150000E-02,7.050009E-02,6.530011E-02,7.880001E-02,7.250000E-02,1.637034E+01,6.908574E-02
1.130000E+00,1.644500E+01,1.570900E+01,1.601600E+01,1.686440E+01,1.605421E+01,1.692799E+01,1.690900E+01,6.120000E-02,6.330000E-02,7.220000E-02,7.140001E-02,6.640001E-02,7.890001E-02,7.350000E-02,1.641794E+01,6.955715E-02
1.140000E+00,1.662300E+01,1.585300E+01,1.602400E+01,1.685650E+01,1.614122E+01,1.686870E+01,1.703200E+01,6.120000E-02,6.310000E-02,7.210000E-02,7.150000E-02,6.650000E-02,7.900000E-02,7.340000E-02,1.648549E+01,6.954286E-02
1.150000E+00,1.688400E+01,1.620400E+01,1.611900E+01,1.688811E+01,1.632702E+01,1.682140E+01,1.714700E+01,6.130000E-02,6.310000E-02,7.220000E-02,7.150000E-02,6.650009E-02,7.900000E-02,7.690000E-02,1.662722E+01,7.007144E-02
1.160000E+00,1.710600E+01,1.658000E+01,1.613100E+01,1.700671E+01,1.655246E+01,1.679780E+01,1.779100E+01,6.170000E-02,6.310000E-02,7.220000E-02,7.150001E-02,6.740026E-02,7.900000E-02,7.820000E-02,1.685214E+01,7.044290E-02
1.170000E+00,1.754800E+01,1.687300E+01,1.621400E+01,1.708185E+01,1.713762E+01,1.678650E+01,1.811100E+01,6.210000E-02,6.310000E-02,7.220000E-02,7.160001E-02,7.000011E-02,7.899998E-02,7.950000E-02,1.710742E+01,7.107144E-02
1.180000E+00,1.798700E+01,1.715300E+01,1.646300E+01,1.754843E+01,1.735112E+01,1.678180E+01,1.845500E+01,6.520000E-02,6.410000E-02,7.220000E-02,7.170004E-02,7.110012E-02,7.880000E-02,8.050000E-02,1.739134E+01,7.194288E-02
1.190000E+00,1.839900E+01,1.733500E+01,1.675200E+01,1.784904E+01,1.757262E+01,1.680940E+01,1.878400E+01,6.540000E-02,6.440000E-02,7.230000E-02,7.210014E-02,7.230009E-02,7.880000E-02,8.150000E-02,1.764301E+01,7.240003E-02
1.200000E+00,1.872300E+01,1.745400E+01,1.702900E+01,1.821673E+01,1.780981E+01,1.683714E+01,1.905200E+01,6.550000E-02,6.470000E-02,7.240000E-02,7.350010E-02,7.320026E-02,7.880000E-02,8.160000E-02,1.787453E+01,7.281434E-02
1.210000E+00,1.901900E+01,1.755700E+01,1.738500E+01,1.854493E+01,1.788891E+01,1.725232E+01,1.944000E+01,6.760000E-02,6.490000E-02,7.250000E-02,7.450003E-02,7.580008E-02,7.880003E-02,8.170000E-02,1.815531E+01,7.368573E-02
1.220000E+00,1.920900E+01,1.756900E+01,1.772500E+01,1.882962E+01,1.795610E+01,1.746983E+01,1.951500E+01,6.960000E-02,6.500000E-02,7.290000E-02,7.480003E-02,7.660008E-02,7.910006E-02,8.170000E-02,1.832479E+01,7.424288E-02
1.230000E+00,1.930000E+01,1.755300E+01,1.825100E+01,1.903522E+01,1.794820E+01,1.774265E+01,1.958200E+01,6.910000E-02,6.660000E-02,7.370000E-02,7.510001E-02,7.740002E-02,7.970013E-02,8.190000E-02,1.848744E+01,7.478574E-02
1.240000E+00,1.939100E+01,1.752500E+01,1.853500E+01,1.923292E+01,1.794416E+01,1.821713E+01,1.957800E+01,7.390000E-02,6.700000E-02,7.520000E-02,7.520001E-02,7.760000E-02,8.100026E-02,8.190000E-02,1.863189E+01,7.597147E-02
1.250000E+00,1.943100E+01,1.741000E+01,1.873300E+01,1.938321E+01,1.756269E+01,1.852164E+01,1.957000E+01,7.680000E-02,6.830000E-02,7.370000E-02,7.530015E-02,7.760000E-02,8.360004E-02,8.190000E-02,1.865879E+01,7.674288E-02
1.260000E+00,1.944200E+01,1.725600E+01,1.888300E+01,1.948990E+01,1.743119E+01,1.891701E+01,1.933300E+01,7.920000E-02,6.810000E-02,7.530000E-02,7.680016E-02,7.760000E-02,8.400005E-02,8.190000E-02,1.867887E+01,7.755717E-02
1.270000E+00,1.934800E+01,1.723600E+01,1.895000E+01,1.944249E+01,1.729970E+01,1.904351E+01,1.924200E+01,7.960000E-02,7.280000E-02,7.820000E-02,7.840060E-02,7.759999E-02,8.450028E-02,8.190000E-02,1.865167E+01,7.900012E-02
1.280000E+00,1.928800E+01,1.714900E+01,1.903700E+01,1.935549E+01,1.727199E+01,1.913441E+01,1.912400E+01,8.000000E-02,7.300000E-02,7.970000E-02,8.440026E-02,7.749994E-02,8.730008E-02,8.180000E-02,1.862284E+01,8.052861E-02
1.290000E+00,1.917400E+01,1.701900E+01,1.902600E+01,1.927639E+01,1.722060E+01,1.927281E+01,1.895700E+01,8.070000E-02,7.310000E-02,8.040000E-02,8.700006E-02,7.689989E-02,8.810007E-02,8.170000E-02,1.856369E+01,8.112857E-02
1.300000E+00,1.916200E+01,1.683700E+01,1.903400E+01,1.920519E+01,1.722060E+01,1.932420E+01,1.870400E+01,8.100000E-02,7.310000E-02,8.040000E-02,8.760001E-02,7.579995E-02,8.880011E-02,8.160000E-02,1.849814E+01,8.118572E-02
1.310000E+00,1.913540E+01,1.676800E+01,1.904100E+01,1.907469E+01,1.722060E+01,1.934801E+01,1.853400E+01,8.110000E-02,7.300000E-02,8.040000E-02,8.770000E-02,7.529998E-02,8.990010E-02,8.170000E-02,1.844596E+01,8.130001E-02
1.320000E+00,1.912280E+01,1.675100E+01,1.903700E+01,1.900356E+01,1.722061E+01,1.944291E+01,1.851900E+01,8.110000E-02,7.300000E-02,8.040000E-02,8.769998E-02,7.509999E-02,9.090006E-02,8.170000E-02,1.844241E+01,8.141429E-02
1.330000E+00,1.912350E+01,1.674280E+01,1.904400E+01,1.859630E+01,1.730372E+01,1.951010E+01,1.847400E+01,8.110000E-02,7.280000E-02,8.040000E-02,8.749999E-02,7.500000E-02,9.150003E-02,8.170000E-02,1.839920E+01,8.142857E-02
1.340000E+00,1.912430E+01,1.674160E+01,1.905000E+01,1.859550E+01,1.747372E+01,1.952982E+01,1.845190E+01,8.120000E-02,7.210000E-02,8.070000E-02,8.739974E-02,7.500000E-02,9.180001E-02,8.190000E-02,1.842383E+01,8.144282E-02
1.350000E+00,1.912600E+01,1.674180E+01,1.906500E+01,1.859790E+01,1.766352E+01,1.974731E+01,1.844250E+01,8.120000E-02,7.200000E-02,8.130000E-02,8.479975E-02,7.500000E-02,9.190001E-02,8.190000E-02,1.848343E+01,8.115711E-02
1.360000E+00,1.924900E+01,1.674200E+01,1.912800E+01,1.860030E+01,1.788892E+01,1.986202E+01,1.845530E+01,8.120000E-02,7.200000E-02,8.140000E-02,8.229998E-02,7.500003E-02,9.200000E-02,8.190000E-02,1.856079E+01,8.082857E-02
1.370000E+00,1.943100E+01,1.687300E+01,1.931800E+01,1.861160E+01,1.808264E+01,2.006793E+01,1.846810E+01,8.120000E-02,7.200000E-02,8.220000E-02,8.209999E-02,7.530003E-02,9.200001E-02,8.190000E-02,1.869318E+01,8.095715E-02
1.380000E+00,1.966400E+01,1.708200E+01,1.954800E+01,1.865952E+01,1.850573E+01,2.034963E+01,1.849500E+01,8.130000E-02,7.210000E-02,8.300000E-02,8.200000E-02,7.560027E-02,9.210000E-02,8.190000E-02,1.890055E+01,8.114290E-02
1.390000E+00,1.992500E+01,1.757700E+01,1.973700E+01,1.885332E+01,1.882602E+01,2.062342E+01,1.883500E+01,8.160000E-02,7.270000E-02,8.580000E-02,8.200000E-02,7.830003E-02,9.210000E-02,8.190000E-02,1.919668E+01,8.205715E-02
1.400000E+00,2.010700E+01,1.782600E+01,1.990700E+01,1.909453E+01,1.903952E+01,2.078614E+01,1.902900E+01,8.430000E-02,7.380000E-02,8.750000E-02,8.200000E-02,7.860004E-02,9.210019E-02,8.190000E-02,1.939845E+01,8.288575E-02
1.410000E+00,2.032100E+01,1.815800E+01,2.037500E+01,1.937925E+01,1.922931E+01,2.115912E+01,1.929400E+01,8.510000E-02,7.620000E-02,8.730000E-02,8.200000E-02,7.900011E-02,9.400019E-02,8.190000E-02,1.970224E+01,8.364290E-02
1.420000E+00,2.044000E+01,1.845400E+01,2.053400E+01,1.986561E+01,1.936771E+01,2.133772E+01,1.928000E+01,8.580000E-02,7.690000E-02,8.770000E-02,8.200006E-02,8.010011E-02,9.589996E-02,8.190000E-02,1.989700E+01,8.432859E-02
1.430000E+00,2.050400E+01,1.897600E+01,2.061300E+01,1.997631E+01,1.943891E+01,2.150443E+01,1.954600E+01,8.640000E-02,7.760000E-02,8.800000E-02,8.260011E-02,8.120026E-02,9.550008E-02,8.190000E-02,2.007981E+01,8.474292E-02
1.440000E+00,2.037300E+01,1.919000E+01,2.074800E+01,2.006350E+01,1.949029E+01,2.177021E+01,1.981200E+01,8.640000E-02,7.720000E-02,8.920000E-02,8.370010E-02,8.380027E-02,9.630025E-02,8.210000E-02,2.020671E+01,8.552866E-02
1.450000E+00,2.043300E+01,1.939900E+01,2.078800E+01,2.005949E+01,1.937559E+01,2.182980E+01,2.018400E+01,8.640000E-02,8.140000E-02,9.380000E-02,8.470008E-02,8.650001E-02,9.880002E-02,8.480000E-02,2.029555E+01,8.805716E-02
1.460000E+00,2.028200E+01,1.944300E+01,2.079600E+01,1.998420E+01,1.930839E+01,2.178609E+01,2.046600E+01,8.640000E-02,8.270000E-02,9.480000E-02,8.550004E-02,8.660001E-02,9.900001E-02,8.660000E-02,2.029510E+01,8.880001E-02
1.470000E+00,2.007900E+01,1.956900E+01,2.070900E+01,1.998019E+01,1.916209E+01,2.171469E+01,2.053300E+01,8.630000E-02,8.410000E-02,9.730000E-02,8.590001E-02,8.670001E-02,9.909998E-02,8.630000E-02,2.024957E+01,8.938571E-02
1.480000E+00,1.993300E+01,1.959300E+01,2.056600E+01,1.989319E+01,1.910278E+01,2.160360E+01,2.053300E+01,8.540000E-02,8.430000E-02,9.840000E-02,8.600001E-02,8.680000E-02,9.889998E-02,9.180000E-02,2.017494E+01,9.022857E-02
1.490000E+00,1.979400E+01,1.950200E+01,2.043900E+01,1.976277E+01,1.892089E+01,2.155589E+01,2.050500E+01,8.350000E-02,8.440000E-02,9.890000E-02,8.610000E-02,8.680000E-02,9.869995E-02,9.220000E-02,2.006851E+01,9.008571E-02
1.500000E+00,1.969200E+01,1.949800E+01,2.031600E+01,1.944249E+01,1.878249E+01,2.148448E+01,2.045000E+01,8.390000E-02,8.430000E-02,9.890000E-02,8.610002E-02,8.679999E-02,9.819973E-02,9.330000E-02,1.995221E+01,9.021425E-02
1.510000E+00,1.951800E+01,1.945100E+01,2.020100E+01,1.931199E+01,1.863617E+01,2.127818E+01,2.040200E+01,8.220000E-02,8.420000E-02,9.890000E-02,8.630003E-02,8.669998E-02,9.549988E-02,9.390000E-02,1.982833E+01,8.967141E-02
1.520000E+00,1.939900E+01,1.933200E+01,2.009000E+01,1.920919E+01,1.832779E+01,2.112740E+01,2.040140E+01,8.050000E-02,8.410000E-02,9.830000E-02,8.660001E-02,8.649993E-02,9.429998E-02,9.420000E-02,1.969811E+01,8.921427E-02
1.530000E+00,1.927200E+01,1.907100E+01,2.008400E+01,1.908659E+01,1.819339E+01,2.109220E+01,2.040130E+01,8.180000E-02,8.380000E-02,9.770000E-02,8.669998E-02,8.579982E-02,9.410004E-02,9.430000E-02,1.960007E+01,8.917141E-02
1.540000E+00,1.917000E+01,1.896000E+01,2.008350E+01,1.896800E+01,1.809059E+01,2.107530E+01,2.040190E+01,8.020000E-02,8.350000E-02,9.650000E-02,8.649999E-02,8.399982E-02,9.450003E-02,9.420000E-02,1.953561E+01,8.848569E-02
1.550000E+00,1.894950E+01,1.890500E+01,2.008880E+01,1.895610E+01,1.799170E+01,2.108050E+01,2.040250E+01,7.690000E-02,8.280000E-02,9.730000E-02,8.639997E-02,8.219989E-02,9.480007E-02,9.420000E-02,1.948201E+01,8.779999E-02
1.560000E+00,1.896910E+01,1.888500E+01,2.009410E+01,1.895170E+01,1.799470E+01,2.108570E+01,2.041000E+01,7.350000E-02,8.270000E-02,9.560000E-02,8.609987E-02,8.109991E-02,9.550007E-02,9.390000E-02,1.948433E+01,8.691426E-02
1.570000E+00,1.898870E+01,1.887150E+01,2.010500E+01,1.895100E+01,1.799770E+01,2.109860E+01,2.048600E+01,7.580000E-02,8.270000E-02,9.310000E-02,8.479970E-02,8.020006E-02,9.620007E-02,9.380000E-02,1.949979E+01,8.665712E-02
1.580000E+00,1.904920E+01,1.887620E+01,2.022500E+01,1.895101E+01,1.800830E+01,2.112481E+01,2.064400E+01,7.190000E-02,8.270000E-02,9.290000E-02,8.179986E-02,8.079986E-02,9.689999E-02,9.390000E-02,1.955407E+01,8.584282E-02
1.590000E+00,1.917370E+01,1.888100E+01,2.076000E+01,1.900591E+01,1.802980E+01,2.117771E+01,2.117600E+01,7.190000E-02,8.270000E-02,9.280000E-02,8.039998E-02,7.940000E-02,9.680001E-02,9.400000E-02,1.974345E+01,8.542857E-02
1.600000E+00,1.942300E+01,1.893900E+01,2.077000E+01,1.906082E+01,1.807283E+01,2.128615E+01,2.152500E+01,7.190000E-02,8.270000E-02,9.280000E-02,8.019999E-02,7.940000E-02,9.690000E-02,9.430000E-02,1.986811E+01,8.545714E-02
1.610000E+00,1.969900E+01,1.906000E+01,2.078000E+01,1.928435E+01,1.835155E+01,2.181790E+01,2.203300E+01,7.190000E-02,8.270000E-02,9.310000E-02,8.010000E-02,7.940001E-02,9.690010E-02,9.560000E-02,2.014654E+01,8.567144E-02
1.620000E+00,2.015500E+01,1.930400E+01,2.110900E+01,1.977466E+01,1.881025E+01,2.181795E+01,2.244600E+01,7.200000E-02,8.270000E-02,9.330000E-02,8.010000E-02,7.950005E-02,9.790011E-02,9.890000E-02,2.048812E+01,8.634288E-02
1.630000E+00,2.029400E+01,1.992100E+01,2.141900E+01,2.033335E+01,1.930056E+01,2.232584E+01,2.304500E+01,7.240000E-02,8.280000E-02,9.380000E-02,8.010001E-02,8.000011E-02,9.900025E-02,1.023000E-01,2.094839E+01,8.720005E-02
1.640000E+00,2.051600E+01,2.019500E+01,2.176800E+01,2.086516E+01,1.986204E+01,2.275444E+01,2.320800E+01,7.320000E-02,8.290000E-02,9.660000E-02,8.020037E-02,8.110002E-02,1.015001E-01,1.012000E-01,2.130981E+01,8.810007E-02
1.650000E+00,2.092100E+01,2.048100E+01,2.188300E+01,2.150003E+01,2.023854E+01,2.314323E+01,2.341000E+01,7.480000E-02,8.350000E-02,9.820000E-02,8.389994E-02,8.130006E-02,1.027008E-01,1.034000E-01,2.165383E+01,8.968583E-02
1.660000E+00,2.103600E+01,2.081400E+01,2.192300E+01,2.178173E+01,2.060366E+01,2.343692E+01,2.352900E+01,7.770000E-02,8.490000E-02,9.980000E-02,8.330010E-02,8.190015E-02,1.107003E-01,1.046000E-01,2.187490E+01,9.184293E-02
1.670000E+00,2.120600E+01,2.133400E+01,2.184000E+01,2.210322E+01,2.117102E+01,2.363530E+01,2.358900E+01,8.060000E-02,8.820000E-02,1.005000E-01,8.430040E-02,8.340014E-02,1.133001E-01,1.066000E-01,2.212551E+01,9.384294E-02
1.680000E+00,2.120600E+01,2.158800E+01,2.178400E+01,2.230951E+01,2.138141E+01,2.358771E+01,2.352500E+01,8.510000E-02,8.830000E-02,1.013000E-01,8.830040E-02,8.480006E-02,1.138000E-01,1.115000E-01,2.219738E+01,9.615721E-02
1.690000E+00,2.117900E+01,2.179400E+01,2.169300E+01,2.238890E+01,2.151630E+01,2.365119E+01,2.348600E+01,8.610000E-02,8.830000E-02,1.017000E-01,9.230022E-02,8.540030E-02,1.138000E-01,1.125000E-01,2.224406E+01,9.715721E-02
1.700000E+00,2.109900E+01,2.191700E+01,2.160500E+01,2.237700E+01,2.154401E+01,2.354401E+01,2.337400E+01,8.680000E-02,8.920000E-02,1.018000E-01,9.450053E-02,8.840033E-02,1.136000E-01,1.130000E-01,2.220857E+01,9.818583E-02
1.710000E+00,2.100800E+01,2.202800E+01,2.145500E+01,2.237299E+01,2.161550E+01,2.359559E+01,2.323200E+01,8.740000E-02,9.240000E-02,1.019000E-01,9.980000E-02,9.170039E-02,1.134000E-01,1.134000E-01,2.218673E+01,1.000000E-01
1.720000E+00,2.087700E+01,2.196900E+01,2.125600E+01,2.226589E+01,2.160750E+01,2.353209E+01,2.313200E+01,8.880000E-02,9.240000E-02,1.019000E-01,9.980000E-02,9.560028E-02,1.129000E-01,1.132000E-01,2.209135E+01,1.006572E-01
1.730000E+00,2.056700E+01,2.187700E+01,2.119300E+01,2.216668E+01,2.156389E+01,2.343099E+01,2.298600E+01,8.910000E-02,9.250000E-02,1.019000E-01,9.980000E-02,9.840000E-02,1.128000E-01,1.141000E-01,2.196922E+01,1.012286E-01
1.740000E+00,2.040900E+01,2.170700E+01,2.110100E+01,2.199599E+01,2.151230E+01,2.338040E+01,2.281100E+01,8.910000E-02,9.250000E-02,1.019000E-01,9.980000E-02,9.840000E-02,1.126000E-01,1.150000E-01,2.184524E+01,1.013286E-01
1.750000E+00,2.019400E+01,2.161900E+01,2.107980E+01,2.189289E+01,2.150829E+01,2.335520E+01,2.256500E+01,8.910000E-02,9.250000E-02,1.018000E-01,9.980000E-02,9.840000E-02,1.123000E-01,1.163000E-01,2.174488E+01,1.014571E-01
1.760000E+00,2.014470E+01,2.147700E+01,2.108150E+01,2.179760E+01,2.145670E+01,2.334290E+01,2.250100E+01,8.910000E-02,9.250000E-02,1.016000E-01,9.979999E-02,9.839999E-02,1.123000E-01,1.170000E-01,2.168591E+01,1.015286E-01
1.770000E+00,2.012030E+01,2.136900E+01,2.108320E+01,2.179550E+01,2.145450E+01,2.333730E+01,2.249860E+01,8.900000E-02,9.260000E-02,1.008000E-01,9.969979E-02,9.829998E-02,1.126000E-01,1.170000E-01,2.166549E+01,1.014285E-01
1.780000E+00,2.010880E+01,2.133750E+01,2.109500E+01,2.179690E+01,2.145590E+01,2.337720E+01,2.249750E+01,8.810000E-02,9.270000E-02,1.003000E-01,9.759980E-02,9.809955E-02,1.129001E-01,1.169000E-01,2.166697E+01,1.009428E-01
1.790000E+00,2.011820E+01,2.132220E+01,2.116900E+01,2.179840E+01,2.145740E+01,2.341712E+01,2.250530E+01,8.660000E-02,9.330000E-02,9.970000E-02,9.559998E-02,9.359959E-02,1.135001E-01,1.165000E-01,2.168395E+01,9.982853E-02
1.800000E+00,2.012750E+01,2.132170E+01,2.132000E+01,2.180910E+01,2.147160E+01,2.365127E+01,2.251310E+01,8.360000E-02,9.330000E-02,9.920000E-02,9.539999E-02,8.950000E-02,1.146999E-01,1.155000E-01,2.174490E+01,9.874285E-02
1.810000E+00,2.019000E+01,2.132190E+01,2.159000E+01,2.185522E+01,2.150042E+01,2.436154E+01,2.252900E+01,8.070000E-02,9.330000E-02,9.900000E-02,9.529997E-02,8.950000E-02,1.140004E-01,1.113000E-01,2.190687E+01,9.758577E-02
1.820000E+00,2.032900E+01,2.132200E+01,2.193500E+01,2.204363E+01,2.167103E+01,2.473854E+01,2.276700E+01,7.960000E-02,9.330000E-02,9.900000E-02,9.500000E-02,8.950000E-02,1.182998E-01,1.095000E-01,2.211517E+01,9.774282E-02
1.830000E+00,2.086500E+01,2.138100E+01,2.231600E+01,2.232144E+01,2.200835E+01,2.516317E+01,2.307700E+01,7.910000E-02,9.330000E-02,9.900000E-02,9.500000E-02,8.950004E-02,1.159003E-01,1.086000E-01,2.244742E+01,9.720004E-02
1.840000E+00,2.131000E+01,2.203200E+01,2.277600E+01,2.272624E+01,2.246074E+01,2.584964E+01,2.345400E+01,7.900000E-02,9.330000E-02,9.910000E-02,9.500000E-02,8.990009E-02,1.184004E-01,1.087000E-01,2.294409E+01,9.762864E-02
1.850000E+00,2.182500E+01,2.243300E+01,2.371700E+01,2.314298E+01,2.284965E+01,2.622664E+01,2.404500E+01,7.890000E-02,9.370000E-02,9.960000E-02,9.500000E-02,9.079998E-02,1.224000E-01,1.087000E-01,2.346275E+01,9.844285E-02
1.860000E+00,2.236500E+01,2.293300E+01,2.406600E+01,2.394443E+01,2.333775E+01,2.666312E+01,2.455700E+01,7.920000E-02,9.440000E-02,1.006000E-01,9.500014E-02,9.060020E-02,1.222005E-01,1.092000E-01,2.398090E+01,9.874298E-02
1.870000E+00,2.337700E+01,2.347700E+01,2.439100E+01,2.424213E+01,2.387345E+01,2.681391E+01,2.516000E+01,7.940000E-02,9.600000E-02,1.038000E-01,9.640020E-02,9.260090E-02,1.273001E-01,1.116000E-01,2.447635E+01,1.010145E-01
1.880000E+00,2.371400E+01,2.407200E+01,2.462500E+01,2.449211E+01,2.434173E+01,2.690911E+01,2.576300E+01,8.060000E-02,9.550000E-02,1.072000E-01,9.840020E-02,1.015999E-01,1.284006E-01,1.139000E-01,2.484528E+01,1.036572E-01
1.890000E+00,2.392100E+01,2.447700E+01,2.501400E+01,2.463891E+01,2.464725E+01,2.698450E+01,2.678700E+01,8.940000E-02,1.001000E-01,1.096000E-01,1.004007E-01,1.001006E-01,1.340002E-01,1.162000E-01,2.520995E+01,1.071145E-01
1.900000E+00,2.412700E+01,2.487700E+01,2.505400E+01,2.476980E+01,2.513931E+01,2.703209E+01,2.713600E+01,9.240000E-02,1.063000E-01,1.105000E-01,1.077000E-01,1.063998E-01,1.363002E-01,1.144000E-01,2.544788E+01,1.105714E-01
1.910000E+00,2.437300E+01,2.491300E+01,2.503800E+01,2.475400E+01,2.520280E+01,2.690519E+01,2.734700E+01,9.990000E-02,1.117000E-01,1.114000E-01,1.078004E-01,1.039005E-01,1.380000E-01,1.177000E-01,2.550471E+01,1.129144E-01
1.920000E+00,2.439300E+01,2.487300E+01,2.501400E+01,2.474209E+01,2.521470E+01,2.680600E+01,2.756500E+01,9.580000E-02,1.158000E-01,1.117000E-01,1.119001E-01,1.089005E-01,1.380000E-01,1.160000E-01,2.551540E+01,1.140144E-01
1.930000E+00,2.431700E+01,2.482600E+01,2.470900E+01,2.469049E+01,2.521860E+01,2.680198E+01,2.760500E+01,1.013000E-01,1.210000E-01,1.120000E-01,1.126000E-01,1.134000E-01,1.379000E-01,1.234000E-01,2.545258E+01,1.173714E-01
1.940000E+00,2.427800E+01,2.466300E+01,2.462100E+01,2.457539E+01,2.523447E+01,2.664929E+01,2.766400E+01,1.085000E-01,1.226000E-01,1.119000E-01,1.128004E-01,1.135000E-01,1.376999E-01,1.238000E-01,2.538359E+01,1.186857E-01
1.950000E+00,2.396000E+01,2.459600E+01,2.444300E+01,2.450396E+01,2.493688E+01,2.657310E+01,2.710300E+01,1.076000E-01,1.226000E-01,1.123000E-01,1.163007E-01,1.135000E-01,1.363995E-01,1.242000E-01,2.515942E+01,1.189857E-01
1.960000E+00,2.380200E+01,2.448100E+01,2.420500E+01,2.432535E+01,2.483766E+01,2.658260E+01,2.710100E+01,1.100000E-01,1.222000E-01,1.124000E-01,1.198001E-01,1.135000E-01,1.338003E-01,1.249000E-01,2.504780E+01,1.195143E-01
1.970000E+00,2.364300E+01,2.438700E+01,2.417400E+01,2.407538E+01,2.462738E+01,2.659211E+01,2.710100E+01,1.101000E-01,1.217000E-01,1.125000E-01,1.202001E-01,1.134999E-01,1.353993E-01,1.256000E-01,2.494284E+01,1.198570E-01
1.980000E+00,2.348800E+01,2.438870E+01,2.417220E+01,2.399207E+01,2.453608E+01,2.662371E+01,2.710100E+01,1.095000E-01,1.207000E-01,1.125000E-01,1.206001E-01,1.127997E-01,1.317998E-01,1.278000E-01,2.490025E+01,1.193857E-01
1.990000E+00,2.346700E+01,2.439040E+01,2.417340E+01,2.384918E+01,2.441790E+01,2.668693E+01,2.710100E+01,1.088000E-01,1.188000E-01,1.125000E-01,1.210000E-01,1.114997E-01,1.305999E-01,1.303000E-01,2.486940E+01,1.190714E-01
2.000000E+00,2.346570E+01,2.439700E+01,2.417460E+01,2.374997E+01,2.442430E+01,2.686166E+01,2.740600E+01,1.075000E-01,1.151000E-01,1.119000E-01,1.212000E-01,1.101000E-01,1.301000E-01,1.329000E-01,2.492561E+01,1.184000E-01
2.010000E+00,2.346620E+01,2.445300E+01,2.417700E+01,2.361510E+01,2.443070E+01,2.766715E+01,2.752100E+01,1.049000E-01,1.151000E-01,1.106000E-01,1.212000E-01,1.100000E-01,1.299000E-01,1.315000E-01,2.504716E+01,1.176000E-01
2.020000E+00,2.346680E+01,2.456400E+01,2.443900E+01,2.360450E+01,2.444580E+01,2.815125E+01,2.780300E+01,1.030000E-01,1.150000E-01,1.106000E-01,1.211000E-01,1.100000E-01,1.299000E-01,1.333000E-01,2.521062E+01,1.175571E-01
2.030000E+00,2.346800E+01,2.547300E+01,2.550600E+01,2.360350E+01,2.447681E+01,2.861554E+01,2.822800E+01,1.029000E-01,1.152000E-01,1.106000E-01,1.211000E-01,1.100000E-01,1.299001E-01,1.334000E-01,2.562441E+01,1.175857E-01
2.040000E+00,2.358300E+01,2.597700E+01,2.603400E+01,2.360450E+01,2.460367E+01,2.903218E+01,2.914000E+01,1.029000E-01,1.154000E-01,1.106000E-01,1.206998E-01,1.101000E-01,1.309001E-01,1.335000E-01,2.599634E+01,1.177286E-01
2.050000E+00,2.382100E+01,2.642900E+01,2.647500E+01,2.360550E+01,2.530595E+01,2.980602E+01,2.947800E+01,1.029000E-01,1.170000E-01,1.106000E-01,1.191000E-01,1.104001E-01,1.318002E-01,1.424000E-01,2.641721E+01,1.191715E-01
2.060000E+00,2.418700E+01,2.682200E+01,2.685500E+01,2.362707E+01,2.576634E+01,3.005202E+01,2.973600E+01,1.030000E-01,1.201000E-01,1.144000E-01,1.189000E-01,1.110001E-01,1.337006E-01,1.419000E-01,2.672078E+01,1.204287E-01
2.070000E+00,2.514700E+01,2.728200E+01,2.751800E+01,2.431754E+01,2.618698E+01,3.021102E+01,2.993400E+01,1.034000E-01,1.196000E-01,1.248000E-01,1.189000E-01,1.120004E-01,1.400006E-01,1.429000E-01,2.722808E+01,1.230859E-01
2.080000E+00,2.525600E+01,2.749600E+01,2.782000E+01,2.471442E+01,2.699258E+01,3.039369E+01,3.000100E+01,1.044000E-01,1.201000E-01,1.245000E-01,1.189000E-01,1.156008E-01,1.464010E-01,1.439000E-01,2.752481E+01,1.248288E-01
2.090000E+00,2.536500E+01,2.750800E+01,2.797100E+01,2.529374E+01,2.739325E+01,3.033413E+01,3.006900E+01,1.062000E-01,1.207000E-01,1.287000E-01,1.190000E-01,1.198016E-01,1.514010E-01,1.483000E-01,2.770487E+01,1.277290E-01
2.100000E+00,2.586900E+01,2.752400E+01,2.809400E+01,2.599996E+01,2.763937E+01,3.046516E+01,3.002900E+01,1.092000E-01,1.215000E-01,1.273000E-01,1.192006E-01,1.279990E-01,1.563000E-01,1.469000E-01,2.794578E+01,1.297714E-01
2.110000E+00,2.621800E+01,2.739300E+01,2.799800E+01,2.579393E+01,2.797653E+01,3.027844E+01,2.989800E+01,1.124000E-01,1.231000E-01,1.296000E-01,1.222000E-01,1.230019E-01,1.563000E-01,1.503000E-01,2.793656E+01,1.309860E-01
2.120000E+00,2.644800E+01,2.663300E+01,2.794700E+01,2.743666E+01,2.761148E+01,3.000279E+01,2.960900E+01,1.154000E-01,1.246000E-01,1.318000E-01,1.224019E-01,1.325006E-01,1.564000E-01,1.547000E-01,2.795542E+01,1.339718E-01
2.130000E+00,2.658700E+01,2.641400E+01,2.780400E+01,2.824609E+01,2.751629E+01,2.994049E+01,2.943800E+01,1.186000E-01,1.280000E-01,1.322000E-01,1.321005E-01,1.355001E-01,1.564000E-01,1.547000E-01,2.799227E+01,1.367858E-01
2.140000E+00,2.662300E+01,2.630450E+01,2.751800E+01,2.869441E+01,2.749050E+01,2.991150E+01,2.920400E+01,1.241000E-01,1.291000E-01,1.323000E-01,1.346008E-01,1.362000E-01,1.564000E-01,1.547000E-01,2.796370E+01,1.382001E-01
2.150000E+00,2.660300E+01,2.624980E+01,2.751450E+01,2.875407E+01,2.747760E+01,2.990352E+01,2.900900E+01,1.242000E-01,1.296000E-01,1.323000E-01,1.384005E-01,1.363000E-01,1.564000E-01,1.547000E-01,2.793021E+01,1.388429E-01
2.160000E+00,2.660700E+01,2.623760E+01,2.752480E+01,2.909132E+01,2.747710E+01,3.000162E+01,2.897400E+01,1.242000E-01,1.296000E-01,1.323000E-01,1.410001E-01,1.362998E-01,1.564000E-01,1.547000E-01,2.798763E+01,1.392143E-01
2.170000E+00,2.661100E+01,2.623290E+01,2.753500E+01,2.918651E+01,2.747740E+01,3.009980E+01,2.895940E+01,1.242000E-01,1.296000E-01,1.323000E-01,1.416000E-01,1.354998E-01,1.564000E-01,1.546000E-01,2.801457E+01,1.391714E-01
2.180000E+00,2.661700E+01,2.623750E+01,2.759700E+01,2.925791E+01,2.747770E+01,3.058850E+01,2.896510E+01,1.242000E-01,1.296000E-01,1.324000E-01,1.418000E-01,1.346999E-01,1.564000E-01,1.545000E-01,2.810582E+01,1.390857E-01
2.190000E+00,2.662300E+01,2.624200E+01,2.772500E+01,2.932542E+01,2.748061E+01,3.110116E+01,2.897080E+01,1.236000E-01,1.289000E-01,1.324000E-01,1.419000E-01,1.344000E-01,1.565000E-01,1.519000E-01,2.820971E+01,1.385143E-01
2.200000E+00,2.675800E+01,2.631600E+01,2.843500E+01,2.942862E+01,2.754803E+01,3.240413E+01,2.902600E+01,1.226000E-01,1.275000E-01,1.326000E-01,1.419000E-01,1.343000E-01,1.566001E-01,1.494000E-01,2.855940E+01,1.378429E-01
2.210000E+00,2.695200E+01,2.646500E+01,2.943900E+01,2.953185E+01,2.768694E+01,3.303980E+01,2.925900E+01,1.228000E-01,1.268000E-01,1.331000E-01,1.419000E-01,1.343000E-01,1.570008E-01,1.468000E-01,2.891051E+01,1.375287E-01
2.220000E+00,2.715500E+01,2.659200E+01,3.000200E+01,2.978973E+01,2.786558E+01,3.356437E+01,2.967200E+01,1.215000E-01,1.269000E-01,1.339000E-01,1.419000E-01,1.343000E-01,1.609008E-01,1.467000E-01,2.923438E+01,1.380144E-01
2.230000E+00,2.787700E+01,2.710000E+01,3.092400E+01,2.992469E+01,2.824660E+01,3.440257E+01,3.020400E+01,1.212000E-01,1.270000E-01,1.360000E-01,1.420000E-01,1.343000E-01,1.647017E-01,1.467000E-01,2.981127E+01,1.388431E-01
2.240000E+00,2.831300E+01,2.744100E+01,3.137700E+01,3.038558E+01,2.925453E+01,3.476813E+01,3.084800E+01,1.212000E-01,1.273000E-01,1.380000E-01,1.420000E-01,1.345001E-01,1.733005E-01,1.468000E-01,3.034103E+01,1.404429E-01
2.250000E+00,2.929000E+01,2.811500E+01,3.210000E+01,3.126349E+01,2.989345E+01,3.539977E+01,3.145900E+01,1.211000E-01,1.280000E-01,1.383000E-01,1.422001E-01,1.349005E-01,1.757014E-01,1.470000E-01,3.107439E+01,1.410288E-01
2.260000E+00,2.975000E+01,2.863500E+01,3.231100E+01,3.170059E+01,3.113279E+01,3.572941E+01,3.205500E+01,1.212000E-01,1.278000E-01,1.399000E-01,1.425010E-01,1.372006E-01,1.828016E-01,1.496000E-01,3.161626E+01,1.430005E-01
2.270000E+00,3.054800E+01,2.969500E+01,3.272000E+01,3.265409E+01,3.160167E+01,3.580102E+01,3.281800E+01,1.212000E-01,1.293000E-01,1.442000E-01,1.472992E-01,1.401006E-01,1.909010E-01,1.531000E-01,3.226254E+01,1.465858E-01
2.280000E+00,3.127900E+01,3.076700E+01,3.290300E+01,3.311095E+01,3.246767E+01,3.589230E+01,3.396600E+01,1.296000E-01,1.322000E-01,1.466000E-01,1.431022E-01,1.430013E-01,1.957008E-01,1.566000E-01,3.291228E+01,1.495435E-01
2.290000E+00,3.201000E+01,3.118000E+01,3.298200E+01,3.387376E+01,3.282925E+01,3.590818E+01,3.435200E+01,1.360000E-01,1.372000E-01,1.547000E-01,1.540010E-01,1.494023E-01,1.996000E-01,1.597000E-01,3.330503E+01,1.558005E-01
2.300000E+00,3.251900E+01,3.176000E+01,3.301000E+01,3.416376E+01,3.307159E+01,3.580099E+01,3.448300E+01,1.385000E-01,1.409000E-01,1.590000E-01,1.588012E-01,1.608009E-01,1.994000E-01,1.682000E-01,3.354405E+01,1.608003E-01
2.310000E+00,3.280100E+01,3.215400E+01,3.301000E+01,3.444591E+01,3.354432E+01,3.574139E+01,3.476900E+01,1.429000E-01,1.446000E-01,1.645000E-01,1.649008E-01,1.652008E-01,1.991997E-01,1.686000E-01,3.378080E+01,1.642716E-01
2.320000E+00,3.304700E+01,3.249100E+01,3.304200E+01,3.499400E+01,3.365558E+01,3.566979E+01,3.498000E+01,1.431000E-01,1.452000E-01,1.672000E-01,1.688031E-01,1.693998E-01,1.977995E-01,1.687000E-01,3.398277E+01,1.657432E-01
2.330000E+00,3.312700E+01,3.263400E+01,3.304200E+01,3.499805E+01,3.403694E+01,3.562630E+01,3.534100E+01,1.433000E-01,1.457000E-01,1.699000E-01,1.843998E-01,1.683007E-01,1.950989E-01,1.688000E-01,3.411504E+01,1.679285E-01
2.340000E+00,3.315100E+01,3.292100E+01,3.312700E+01,3.523241E+01,3.425946E+01,3.560780E+01,3.556400E+01,1.460000E-01,1.462000E-01,1.697000E-01,1.832003E-01,1.718001E-01,1.894956E-01,1.671000E-01,3.426610E+01,1.676423E-01
2.350000E+00,3.331700E+01,3.324600E+01,3.321200E+01,3.529600E+01,3.455744E+01,3.561390E+01,3.576600E+01,1.473000E-01,1.466000E-01,1.716000E-01,1.845001E-01,1.723014E-01,1.673078E-01,1.654000E-01,3.442976E+01,1.650013E-01
2.360000E+00,3.353600E+01,3.361600E+01,3.334800E+01,3.527611E+01,3.475223E+01,3.562000E+01,3.617900E+01,1.486000E-01,1.527000E-01,1.736000E-01,1.851000E-01,1.793002E-01,,1.500000E-01,3.461819E+01,1.648834E-01
2.370000E+00,3.399300E+01,3.431100E+01,3.349100E+01,3.530591E+01,3.537989E+01,3.563413E+01,3.638600E+01,1.483000E-01,1.689000E-01,,1.852000E-01,1.801002E-01,,,3.492870E+01,1.706250E-01
2.380000E+00,3.444600E+01,3.469600E+01,3.382400E+01,3.533573E+01,3.580513E+01,3.579313E+01,3.699400E+01,1.506000E-01,1.792000E-01,,1.853000E-01,1.809002E-01,,,3.527057E+01,1.740000E-01
2.390000E+00,3.529200E+01,3.563800E+01,3.403900E+01,3.546688E+01,3.696514E+01,3.643670E+01,3.760200E+01,1.528000E-01,1.822000E-01,,1.853000E-01,1.818002E-01,,,3.591996E+01,1.755251E-01
2.400000E+00,3.630900E+01,3.689000E+01,3.476600E+01,3.588410E+01,3.764076E+01,3.694146E+01,3.908800E+01,1.543000E-01,1.859000E-01,,1.853000E-01,1.828015E-01,,,3.678847E+01,1.770754E-01
2.410000E+00,3.754100E+01,3.821300E+01,3.536200E+01,3.640868E+01,3.945630E+01,3.822076E+01,4.071900E+01,1.565000E-01,1.907000E-01,,1.853000E-01,1.903020E-01,,,3.798868E+01,1.807005E-01
2.420000E+00,3.879600E+01,3.955100E+01,3.677600E+01,3.781895E+01,4.043925E+01,3.953962E+01,4.203900E+01,1.594000E-01,,,1.852003E-01,,,,3.927997E+01,1.723001E-01
2.430000E+00,3.945600E+01,4.047100E+01,3.818300E+01,3.858600E+01,4.167914E+01,,4.365000E+01,,,,,,,,4.033752E+01,
2.440000E+00,4.040700E+01,4.110500E+01,,4.058228E+01,4.238494E+01,,,,,,,,,,4.111981E+01,
2.450000E+00,4.096500E+01,4.193800E+01,,4.149153E+01,4.309082E+01,,,,,,,,,,4.187134E+01,
2.460000E+00,4.152300E+01,4.226900E+01,,4.312214E+01,4.466571E+01,,,,,,,,,,4.289496E+01,
2.470000E+00,4.201000E+01,4.285900E+01,,4.383991E+01,4.572229E+01,,,,,,,,,,4.360780E+01,
2.480000E+00,4.213300E+01,4.302300E+01,,4.490838E+01,4.665922E+01,,,,,,,,,,4.418090E+01,
2.490000E+00,4.258000E+01,,,4.532320E+01,,,,,,,,,,,4.395160E+01,
